{"lat1":33.41415667570768,"lon1":-111.92518396810091,"lat2":33.414291502635706,"lon2":-111.92254858414022}